Report Date,As of Date,State,Confirmed Cases,Source
,#date,#adm1+name,#affected+infected+confirmed+fatalities,#source+url
,10/23/2020,Abyei PCA,0,https://app.powerbi.com/view?r=eyJrIjoiNTJmYTlkZTgtOTgyOC00ZWY1LTlmZDAtNzQ1OTIxNDhjZDIzIiwidCI6IjBmOWUzNWRiLTU0NGYtNGY2MC1iZGNjLTVlYTQxNmU2ZGM3MCIsImMiOjh9
,10/23/2020,Al Jazirah,"1,139",
,10/23/2020,Blue Nile,30,
,10/23/2020,Central Darfur,6,
,10/23/2020,East Darfur,21,
,10/23/2020,Gedaref,274,
,10/23/2020,Kassala,229,
,10/23/2020,Khartoum,"9,882",
,10/23/2020,North Darfur,146,
,10/23/2020,North Kordofan,205,
,10/23/2020,Northern,385,
,10/23/2020,Red Sea,391,
,10/23/2020,River Nile,438,
,10/23/2020,Sennar,247,
,10/23/2020,South Darfur,39,
,10/23/2020,South Kordofan,15,
,10/23/2020,West Darfur,35,
,10/23/2020,West Kordofan,69,
,10/23/2020,White Nile,191,
10/11/2020,10/11/2020,Abyei PCA,,https://reliefweb.int/sites/reliefweb.int/files/resources/sudan_covid-19_situation_overview_response_11_oct_2020.pdf
10/11/2020,10/11/2020,Al Jazirah,"1,137",https://reliefweb.int/sites/reliefweb.int/files/resources/sudan_covid-19_situation_overview_response_11_oct_2020.pdf
10/11/2020,10/11/2020,Blue Nile,30,https://reliefweb.int/sites/reliefweb.int/files/resources/sudan_covid-19_situation_overview_response_11_oct_2020.pdf
10/11/2020,10/11/2020,Central Darfur,6,https://reliefweb.int/sites/reliefweb.int/files/resources/sudan_covid-19_situation_overview_response_11_oct_2020.pdf
10/11/2020,10/11/2020,East Darfur,21,https://reliefweb.int/sites/reliefweb.int/files/resources/sudan_covid-19_situation_overview_response_11_oct_2020.pdf
10/11/2020,10/11/2020,Gedaref,274,https://reliefweb.int/sites/reliefweb.int/files/resources/sudan_covid-19_situation_overview_response_11_oct_2020.pdf
10/11/2020,10/11/2020,Kassala,228,https://reliefweb.int/sites/reliefweb.int/files/resources/sudan_covid-19_situation_overview_response_11_oct_2020.pdf
10/11/2020,10/11/2020,Khartoum,"9,841",https://reliefweb.int/sites/reliefweb.int/files/resources/sudan_covid-19_situation_overview_response_11_oct_2020.pdf
10/11/2020,10/11/2020,North Darfur,146,https://reliefweb.int/sites/reliefweb.int/files/resources/sudan_covid-19_situation_overview_response_11_oct_2020.pdf
10/11/2020,10/11/2020,North Kordofan,203,https://reliefweb.int/sites/reliefweb.int/files/resources/sudan_covid-19_situation_overview_response_11_oct_2020.pdf
10/11/2020,10/11/2020,Northern,385,https://reliefweb.int/sites/reliefweb.int/files/resources/sudan_covid-19_situation_overview_response_11_oct_2020.pdf
10/11/2020,10/11/2020,Red Sea,391,https://reliefweb.int/sites/reliefweb.int/files/resources/sudan_covid-19_situation_overview_response_11_oct_2020.pdf
10/11/2020,10/11/2020,River Nile,438,https://reliefweb.int/sites/reliefweb.int/files/resources/sudan_covid-19_situation_overview_response_11_oct_2020.pdf
10/11/2020,10/11/2020,Sennar,243,https://reliefweb.int/sites/reliefweb.int/files/resources/sudan_covid-19_situation_overview_response_11_oct_2020.pdf
10/11/2020,10/11/2020,South Darfur,39,https://reliefweb.int/sites/reliefweb.int/files/resources/sudan_covid-19_situation_overview_response_11_oct_2020.pdf
10/11/2020,10/11/2020,South Kordofan,15,https://reliefweb.int/sites/reliefweb.int/files/resources/sudan_covid-19_situation_overview_response_11_oct_2020.pdf
10/11/2020,10/11/2020,West Darfur,34,https://reliefweb.int/sites/reliefweb.int/files/resources/sudan_covid-19_situation_overview_response_11_oct_2020.pdf
10/11/2020,10/11/2020,West Kordofan,69,https://reliefweb.int/sites/reliefweb.int/files/resources/sudan_covid-19_situation_overview_response_11_oct_2020.pdf
10/11/2020,10/11/2020,White Nile,191,https://reliefweb.int/sites/reliefweb.int/files/resources/sudan_covid-19_situation_overview_response_11_oct_2020.pdf
10/10/2020,10/10/2020,Abyei PCA,,https://reliefweb.int/sites/reliefweb.int/files/resources/SUDAN_COVID-19_Situation_Overview_10Oct20_v14.pdf
10/10/2020,10/10/2020,Al Jazirah,"1,137",https://reliefweb.int/sites/reliefweb.int/files/resources/SUDAN_COVID-19_Situation_Overview_10Oct20_v14.pdf
10/10/2020,10/10/2020,Blue Nile,30,https://reliefweb.int/sites/reliefweb.int/files/resources/SUDAN_COVID-19_Situation_Overview_10Oct20_v14.pdf
10/10/2020,10/10/2020,Central Darfur,6,https://reliefweb.int/sites/reliefweb.int/files/resources/SUDAN_COVID-19_Situation_Overview_10Oct20_v14.pdf
10/10/2020,10/10/2020,East Darfur,21,https://reliefweb.int/sites/reliefweb.int/files/resources/SUDAN_COVID-19_Situation_Overview_10Oct20_v14.pdf
10/10/2020,10/10/2020,Gedaref,274,https://reliefweb.int/sites/reliefweb.int/files/resources/SUDAN_COVID-19_Situation_Overview_10Oct20_v14.pdf
10/10/2020,10/10/2020,Kassala,227,https://reliefweb.int/sites/reliefweb.int/files/resources/SUDAN_COVID-19_Situation_Overview_10Oct20_v14.pdf
10/10/2020,10/10/2020,Khartoum,"9,836",https://reliefweb.int/sites/reliefweb.int/files/resources/SUDAN_COVID-19_Situation_Overview_10Oct20_v14.pdf
10/10/2020,10/10/2020,North Darfur,146,https://reliefweb.int/sites/reliefweb.int/files/resources/SUDAN_COVID-19_Situation_Overview_10Oct20_v14.pdf
10/10/2020,10/10/2020,North Kordofan,203,https://reliefweb.int/sites/reliefweb.int/files/resources/SUDAN_COVID-19_Situation_Overview_10Oct20_v14.pdf
10/10/2020,10/10/2020,Northern,385,https://reliefweb.int/sites/reliefweb.int/files/resources/SUDAN_COVID-19_Situation_Overview_10Oct20_v14.pdf
10/10/2020,10/10/2020,Red Sea,391,https://reliefweb.int/sites/reliefweb.int/files/resources/SUDAN_COVID-19_Situation_Overview_10Oct20_v14.pdf
10/10/2020,10/10/2020,River Nile,438,https://reliefweb.int/sites/reliefweb.int/files/resources/SUDAN_COVID-19_Situation_Overview_10Oct20_v14.pdf
10/10/2020,10/10/2020,Sennar,243,https://reliefweb.int/sites/reliefweb.int/files/resources/SUDAN_COVID-19_Situation_Overview_10Oct20_v14.pdf
10/10/2020,10/10/2020,South Darfur,39,https://reliefweb.int/sites/reliefweb.int/files/resources/SUDAN_COVID-19_Situation_Overview_10Oct20_v14.pdf
10/10/2020,10/10/2020,South Kordofan,15,https://reliefweb.int/sites/reliefweb.int/files/resources/SUDAN_COVID-19_Situation_Overview_10Oct20_v14.pdf
10/10/2020,10/10/2020,West Darfur,34,https://reliefweb.int/sites/reliefweb.int/files/resources/SUDAN_COVID-19_Situation_Overview_10Oct20_v14.pdf
10/10/2020,10/10/2020,West Kordofan,69,https://reliefweb.int/sites/reliefweb.int/files/resources/SUDAN_COVID-19_Situation_Overview_10Oct20_v14.pdf
10/10/2020,10/10/2020,White Nile,191,https://reliefweb.int/sites/reliefweb.int/files/resources/SUDAN_COVID-19_Situation_Overview_10Oct20_v14.pdf
10/07/2020,10/07/2020,Abyei PCA,,https://reliefweb.int/sites/reliefweb.int/files/resources/sudan_covid-19_situation_overview_response_a4_7_oct_2020.pdf
10/07/2020,10/07/2020,Al Jazirah,"1,135",https://reliefweb.int/sites/reliefweb.int/files/resources/sudan_covid-19_situation_overview_response_a4_7_oct_2020.pdf
10/07/2020,10/07/2020,Blue Nile,30,https://reliefweb.int/sites/reliefweb.int/files/resources/sudan_covid-19_situation_overview_response_a4_7_oct_2020.pdf
10/07/2020,10/07/2020,Central Darfur,6,https://reliefweb.int/sites/reliefweb.int/files/resources/sudan_covid-19_situation_overview_response_a4_7_oct_2020.pdf
10/07/2020,10/07/2020,East Darfur,21,https://reliefweb.int/sites/reliefweb.int/files/resources/sudan_covid-19_situation_overview_response_a4_7_oct_2020.pdf
10/07/2020,10/07/2020,Gedaref,274,https://reliefweb.int/sites/reliefweb.int/files/resources/sudan_covid-19_situation_overview_response_a4_7_oct_2020.pdf
10/07/2020,10/07/2020,Kassala,227,https://reliefweb.int/sites/reliefweb.int/files/resources/sudan_covid-19_situation_overview_response_a4_7_oct_2020.pdf
10/07/2020,10/07/2020,Khartoum,"9,825",https://reliefweb.int/sites/reliefweb.int/files/resources/sudan_covid-19_situation_overview_response_a4_7_oct_2020.pdf
10/07/2020,10/07/2020,North Darfur,146,https://reliefweb.int/sites/reliefweb.int/files/resources/sudan_covid-19_situation_overview_response_a4_7_oct_2020.pdf
10/07/2020,10/07/2020,North Kordofan,203,https://reliefweb.int/sites/reliefweb.int/files/resources/sudan_covid-19_situation_overview_response_a4_7_oct_2020.pdf
10/07/2020,10/07/2020,Northern,384,https://reliefweb.int/sites/reliefweb.int/files/resources/sudan_covid-19_situation_overview_response_a4_7_oct_2020.pdf
10/07/2020,10/07/2020,Red Sea,391,https://reliefweb.int/sites/reliefweb.int/files/resources/sudan_covid-19_situation_overview_response_a4_7_oct_2020.pdf
10/07/2020,10/07/2020,River Nile,438,https://reliefweb.int/sites/reliefweb.int/files/resources/sudan_covid-19_situation_overview_response_a4_7_oct_2020.pdf
10/07/2020,10/07/2020,Sennar,242,https://reliefweb.int/sites/reliefweb.int/files/resources/sudan_covid-19_situation_overview_response_a4_7_oct_2020.pdf
10/07/2020,10/07/2020,South Darfur,39,https://reliefweb.int/sites/reliefweb.int/files/resources/sudan_covid-19_situation_overview_response_a4_7_oct_2020.pdf
10/07/2020,10/07/2020,South Kordofan,15,https://reliefweb.int/sites/reliefweb.int/files/resources/sudan_covid-19_situation_overview_response_a4_7_oct_2020.pdf
10/07/2020,10/07/2020,West Darfur,34,https://reliefweb.int/sites/reliefweb.int/files/resources/sudan_covid-19_situation_overview_response_a4_7_oct_2020.pdf
10/07/2020,10/07/2020,West Kordofan,69,https://reliefweb.int/sites/reliefweb.int/files/resources/sudan_covid-19_situation_overview_response_a4_7_oct_2020.pdf
10/07/2020,10/07/2020,White Nile,191,https://reliefweb.int/sites/reliefweb.int/files/resources/sudan_covid-19_situation_overview_response_a4_7_oct_2020.pdf
10/01/2020,09/30/2020,Abyei PCA,,https://reliefweb.int/sites/reliefweb.int/files/resources/Situation%20Report%20-%20Sudan%20-%201%20Oct%202020%20%281%29.pdf
10/01/2020,09/30/2020,Al Jazirah,"1,135",https://reliefweb.int/sites/reliefweb.int/files/resources/Situation%20Report%20-%20Sudan%20-%201%20Oct%202020%20%281%29.pdf
10/01/2020,09/30/2020,Blue Nile,30,https://reliefweb.int/sites/reliefweb.int/files/resources/Situation%20Report%20-%20Sudan%20-%201%20Oct%202020%20%281%29.pdf
10/01/2020,09/30/2020,Central Darfur,6,https://reliefweb.int/sites/reliefweb.int/files/resources/Situation%20Report%20-%20Sudan%20-%201%20Oct%202020%20%281%29.pdf
10/01/2020,09/30/2020,East Darfur,21,https://reliefweb.int/sites/reliefweb.int/files/resources/Situation%20Report%20-%20Sudan%20-%201%20Oct%202020%20%281%29.pdf
10/01/2020,09/30/2020,Gedaref,274,https://reliefweb.int/sites/reliefweb.int/files/resources/Situation%20Report%20-%20Sudan%20-%201%20Oct%202020%20%281%29.pdf
10/01/2020,09/30/2020,Kassala,227,https://reliefweb.int/sites/reliefweb.int/files/resources/Situation%20Report%20-%20Sudan%20-%201%20Oct%202020%20%281%29.pdf
10/01/2020,09/30/2020,Khartoum,"9,810",https://reliefweb.int/sites/reliefweb.int/files/resources/Situation%20Report%20-%20Sudan%20-%201%20Oct%202020%20%281%29.pdf
10/01/2020,09/30/2020,North Darfur,146,https://reliefweb.int/sites/reliefweb.int/files/resources/Situation%20Report%20-%20Sudan%20-%201%20Oct%202020%20%281%29.pdf
10/01/2020,09/30/2020,North Kordofan,203,https://reliefweb.int/sites/reliefweb.int/files/resources/Situation%20Report%20-%20Sudan%20-%201%20Oct%202020%20%281%29.pdf
10/01/2020,09/30/2020,Northern,384,https://reliefweb.int/sites/reliefweb.int/files/resources/Situation%20Report%20-%20Sudan%20-%201%20Oct%202020%20%281%29.pdf
10/01/2020,09/30/2020,Red Sea,39,https://reliefweb.int/sites/reliefweb.int/files/resources/Situation%20Report%20-%20Sudan%20-%201%20Oct%202020%20%281%29.pdf
10/01/2020,09/30/2020,River Nile,438,https://reliefweb.int/sites/reliefweb.int/files/resources/Situation%20Report%20-%20Sudan%20-%201%20Oct%202020%20%281%29.pdf
10/01/2020,09/30/2020,Sennar,241,https://reliefweb.int/sites/reliefweb.int/files/resources/Situation%20Report%20-%20Sudan%20-%201%20Oct%202020%20%281%29.pdf
10/01/2020,09/30/2020,South Darfur,39,https://reliefweb.int/sites/reliefweb.int/files/resources/Situation%20Report%20-%20Sudan%20-%201%20Oct%202020%20%281%29.pdf
10/01/2020,09/30/2020,South Kordofan,15,https://reliefweb.int/sites/reliefweb.int/files/resources/Situation%20Report%20-%20Sudan%20-%201%20Oct%202020%20%281%29.pdf
10/01/2020,09/30/2020,West Darfur,34,https://reliefweb.int/sites/reliefweb.int/files/resources/Situation%20Report%20-%20Sudan%20-%201%20Oct%202020%20%281%29.pdf
10/01/2020,09/30/2020,West Kordofan,69,https://reliefweb.int/sites/reliefweb.int/files/resources/Situation%20Report%20-%20Sudan%20-%201%20Oct%202020%20%281%29.pdf
10/01/2020,09/30/2020,White Nile,190,https://reliefweb.int/sites/reliefweb.int/files/resources/Situation%20Report%20-%20Sudan%20-%201%20Oct%202020%20%281%29.pdf
09/27/2020,09/25/2020,Abyei PCA,,https://reliefweb.int/sites/reliefweb.int/files/resources/Situation%20Report%20-%20Sudan%20-%2027%20Sep%202020.pdf
09/27/2020,09/25/2020,Al Jazirah,"1,134",https://reliefweb.int/sites/reliefweb.int/files/resources/Situation%20Report%20-%20Sudan%20-%2027%20Sep%202020.pdf
09/27/2020,09/25/2020,Blue Nile,30,https://reliefweb.int/sites/reliefweb.int/files/resources/Situation%20Report%20-%20Sudan%20-%2027%20Sep%202020.pdf
09/27/2020,09/25/2020,Central Darfur,6,https://reliefweb.int/sites/reliefweb.int/files/resources/Situation%20Report%20-%20Sudan%20-%2027%20Sep%202020.pdf
09/27/2020,09/25/2020,East Darfur,21,https://reliefweb.int/sites/reliefweb.int/files/resources/Situation%20Report%20-%20Sudan%20-%2027%20Sep%202020.pdf
09/27/2020,09/25/2020,Gedaref,274,https://reliefweb.int/sites/reliefweb.int/files/resources/Situation%20Report%20-%20Sudan%20-%2027%20Sep%202020.pdf
09/27/2020,09/25/2020,Kassala,226,https://reliefweb.int/sites/reliefweb.int/files/resources/Situation%20Report%20-%20Sudan%20-%2027%20Sep%202020.pdf
09/27/2020,09/25/2020,Khartoum,"9,791",https://reliefweb.int/sites/reliefweb.int/files/resources/Situation%20Report%20-%20Sudan%20-%2027%20Sep%202020.pdf
09/27/2020,09/25/2020,North Darfur,146,https://reliefweb.int/sites/reliefweb.int/files/resources/Situation%20Report%20-%20Sudan%20-%2027%20Sep%202020.pdf
09/27/2020,09/25/2020,North Kordofan,202,https://reliefweb.int/sites/reliefweb.int/files/resources/Situation%20Report%20-%20Sudan%20-%2027%20Sep%202020.pdf
09/27/2020,09/25/2020,Northern,384,https://reliefweb.int/sites/reliefweb.int/files/resources/Situation%20Report%20-%20Sudan%20-%2027%20Sep%202020.pdf
09/27/2020,09/25/2020,Red Sea,367,https://reliefweb.int/sites/reliefweb.int/files/resources/Situation%20Report%20-%20Sudan%20-%2027%20Sep%202020.pdf
09/27/2020,09/25/2020,River Nile,438,https://reliefweb.int/sites/reliefweb.int/files/resources/Situation%20Report%20-%20Sudan%20-%2027%20Sep%202020.pdf
09/27/2020,09/25/2020,Sennar,241,https://reliefweb.int/sites/reliefweb.int/files/resources/Situation%20Report%20-%20Sudan%20-%2027%20Sep%202020.pdf
09/27/2020,09/25/2020,South Darfur,39,https://reliefweb.int/sites/reliefweb.int/files/resources/Situation%20Report%20-%20Sudan%20-%2027%20Sep%202020.pdf
09/27/2020,09/25/2020,South Kordofan,14,https://reliefweb.int/sites/reliefweb.int/files/resources/Situation%20Report%20-%20Sudan%20-%2027%20Sep%202020.pdf
09/27/2020,09/25/2020,West Darfur,34,https://reliefweb.int/sites/reliefweb.int/files/resources/Situation%20Report%20-%20Sudan%20-%2027%20Sep%202020.pdf
09/27/2020,09/25/2020,West Kordofan,69,https://reliefweb.int/sites/reliefweb.int/files/resources/Situation%20Report%20-%20Sudan%20-%2027%20Sep%202020.pdf
09/27/2020,09/25/2020,White Nile,190,https://reliefweb.int/sites/reliefweb.int/files/resources/Situation%20Report%20-%20Sudan%20-%2027%20Sep%202020.pdf
09/10/2020,09/05/2020,Abyei PCA,,https://reliefweb.int/sites/reliefweb.int/files/resources/Situation%20Report%20-%20Sudan%20-%2010%20Sep%202020.pdf
09/10/2020,09/05/2020,Al Jazirah,"1,122",https://reliefweb.int/sites/reliefweb.int/files/resources/Situation%20Report%20-%20Sudan%20-%2010%20Sep%202020.pdf
09/10/2020,09/05/2020,Blue Nile,29,https://reliefweb.int/sites/reliefweb.int/files/resources/Situation%20Report%20-%20Sudan%20-%2010%20Sep%202020.pdf
09/10/2020,09/05/2020,Central Darfur,6,https://reliefweb.int/sites/reliefweb.int/files/resources/Situation%20Report%20-%20Sudan%20-%2010%20Sep%202020.pdf
09/10/2020,09/05/2020,East Darfur,21,https://reliefweb.int/sites/reliefweb.int/files/resources/Situation%20Report%20-%20Sudan%20-%2010%20Sep%202020.pdf
09/10/2020,09/05/2020,Gedaref,270,https://reliefweb.int/sites/reliefweb.int/files/resources/Situation%20Report%20-%20Sudan%20-%2010%20Sep%202020.pdf
09/10/2020,09/05/2020,Kassala,225,https://reliefweb.int/sites/reliefweb.int/files/resources/Situation%20Report%20-%20Sudan%20-%2010%20Sep%202020.pdf
09/10/2020,09/05/2020,Khartoum,"9,655",https://reliefweb.int/sites/reliefweb.int/files/resources/Situation%20Report%20-%20Sudan%20-%2010%20Sep%202020.pdf
09/10/2020,09/05/2020,North Darfur,145,https://reliefweb.int/sites/reliefweb.int/files/resources/Situation%20Report%20-%20Sudan%20-%2010%20Sep%202020.pdf
09/10/2020,09/05/2020,North Kordofan,200,https://reliefweb.int/sites/reliefweb.int/files/resources/Situation%20Report%20-%20Sudan%20-%2010%20Sep%202020.pdf
09/10/2020,09/05/2020,Northern,377,https://reliefweb.int/sites/reliefweb.int/files/resources/Situation%20Report%20-%20Sudan%20-%2010%20Sep%202020.pdf
09/10/2020,09/05/2020,Red Sea,367,https://reliefweb.int/sites/reliefweb.int/files/resources/Situation%20Report%20-%20Sudan%20-%2010%20Sep%202020.pdf
09/10/2020,09/05/2020,River Nile,437,https://reliefweb.int/sites/reliefweb.int/files/resources/Situation%20Report%20-%20Sudan%20-%2010%20Sep%202020.pdf
09/10/2020,09/05/2020,Sennar,238,https://reliefweb.int/sites/reliefweb.int/files/resources/Situation%20Report%20-%20Sudan%20-%2010%20Sep%202020.pdf
09/10/2020,09/05/2020,South Darfur,38,https://reliefweb.int/sites/reliefweb.int/files/resources/Situation%20Report%20-%20Sudan%20-%2010%20Sep%202020.pdf
09/10/2020,09/05/2020,South Kordofan,14,https://reliefweb.int/sites/reliefweb.int/files/resources/Situation%20Report%20-%20Sudan%20-%2010%20Sep%202020.pdf
09/10/2020,09/05/2020,West Darfur,34,https://reliefweb.int/sites/reliefweb.int/files/resources/Situation%20Report%20-%20Sudan%20-%2010%20Sep%202020.pdf
09/10/2020,09/05/2020,West Kordofan,69,https://reliefweb.int/sites/reliefweb.int/files/resources/Situation%20Report%20-%20Sudan%20-%2010%20Sep%202020.pdf
09/10/2020,09/05/2020,White Nile,190,https://reliefweb.int/sites/reliefweb.int/files/resources/Situation%20Report%20-%20Sudan%20-%2010%20Sep%202020.pdf
08/27/2020,08/25/2020,Abyei PCA,,https://reliefweb.int/sites/reliefweb.int/files/resources/Situation%20Report%20-%20Sudan%20-%2027%20Aug%202020%20%282%29.pdf
08/27/2020,08/25/2020,Al Jazirah,"1,115",https://reliefweb.int/sites/reliefweb.int/files/resources/Situation%20Report%20-%20Sudan%20-%2027%20Aug%202020%20%282%29.pdf
08/27/2020,08/25/2020,Blue Nile,29,https://reliefweb.int/sites/reliefweb.int/files/resources/Situation%20Report%20-%20Sudan%20-%2027%20Aug%202020%20%282%29.pdf
08/27/2020,08/25/2020,Central Darfur,6,https://reliefweb.int/sites/reliefweb.int/files/resources/Situation%20Report%20-%20Sudan%20-%2027%20Aug%202020%20%282%29.pdf
08/27/2020,08/25/2020,East Darfur,21,https://reliefweb.int/sites/reliefweb.int/files/resources/Situation%20Report%20-%20Sudan%20-%2027%20Aug%202020%20%282%29.pdf
08/27/2020,08/25/2020,Gedaref,265,https://reliefweb.int/sites/reliefweb.int/files/resources/Situation%20Report%20-%20Sudan%20-%2027%20Aug%202020%20%282%29.pdf
08/27/2020,08/25/2020,Kassala,225,https://reliefweb.int/sites/reliefweb.int/files/resources/Situation%20Report%20-%20Sudan%20-%2027%20Aug%202020%20%282%29.pdf
08/27/2020,08/25/2020,Khartoum,"9,313",https://reliefweb.int/sites/reliefweb.int/files/resources/Situation%20Report%20-%20Sudan%20-%2027%20Aug%202020%20%282%29.pdf
08/27/2020,08/25/2020,North Darfur,145,https://reliefweb.int/sites/reliefweb.int/files/resources/Situation%20Report%20-%20Sudan%20-%2027%20Aug%202020%20%282%29.pdf
08/27/2020,08/25/2020,North Kordofan,195,https://reliefweb.int/sites/reliefweb.int/files/resources/Situation%20Report%20-%20Sudan%20-%2027%20Aug%202020%20%282%29.pdf
08/27/2020,08/25/2020,Northern,372,https://reliefweb.int/sites/reliefweb.int/files/resources/Situation%20Report%20-%20Sudan%20-%2027%20Aug%202020%20%282%29.pdf
08/27/2020,08/25/2020,Red Sea,346,https://reliefweb.int/sites/reliefweb.int/files/resources/Situation%20Report%20-%20Sudan%20-%2027%20Aug%202020%20%282%29.pdf
08/27/2020,08/25/2020,River Nile,431,https://reliefweb.int/sites/reliefweb.int/files/resources/Situation%20Report%20-%20Sudan%20-%2027%20Aug%202020%20%282%29.pdf
08/27/2020,08/25/2020,Sennar,238,https://reliefweb.int/sites/reliefweb.int/files/resources/Situation%20Report%20-%20Sudan%20-%2027%20Aug%202020%20%282%29.pdf
08/27/2020,08/25/2020,South Darfur,38,https://reliefweb.int/sites/reliefweb.int/files/resources/Situation%20Report%20-%20Sudan%20-%2027%20Aug%202020%20%282%29.pdf
08/27/2020,08/25/2020,South Kordofan,14,https://reliefweb.int/sites/reliefweb.int/files/resources/Situation%20Report%20-%20Sudan%20-%2027%20Aug%202020%20%282%29.pdf
08/27/2020,08/25/2020,West Darfur,33,https://reliefweb.int/sites/reliefweb.int/files/resources/Situation%20Report%20-%20Sudan%20-%2027%20Aug%202020%20%282%29.pdf
08/27/2020,08/25/2020,West Kordofan,69,https://reliefweb.int/sites/reliefweb.int/files/resources/Situation%20Report%20-%20Sudan%20-%2027%20Aug%202020%20%282%29.pdf
08/27/2020,08/25/2020,White Nile,190,https://reliefweb.int/sites/reliefweb.int/files/resources/Situation%20Report%20-%20Sudan%20-%2027%20Aug%202020%20%282%29.pdf
08/20/2020,08/17/2020,Abyei PCA,,https://reliefweb.int/sites/reliefweb.int/files/resources/Situation%20Report%20-%20Sudan%20-%2020%20Aug%202020.pdf
08/20/2020,08/17/2020,Al Jazirah,"1,113",https://reliefweb.int/sites/reliefweb.int/files/resources/Situation%20Report%20-%20Sudan%20-%2020%20Aug%202020.pdf
08/20/2020,08/17/2020,Blue Nile,29,https://reliefweb.int/sites/reliefweb.int/files/resources/Situation%20Report%20-%20Sudan%20-%2020%20Aug%202020.pdf
08/20/2020,08/17/2020,Central Darfur,6,https://reliefweb.int/sites/reliefweb.int/files/resources/Situation%20Report%20-%20Sudan%20-%2020%20Aug%202020.pdf
08/20/2020,08/17/2020,East Darfur,21,https://reliefweb.int/sites/reliefweb.int/files/resources/Situation%20Report%20-%20Sudan%20-%2020%20Aug%202020.pdf
08/20/2020,08/17/2020,Gedaref,265,https://reliefweb.int/sites/reliefweb.int/files/resources/Situation%20Report%20-%20Sudan%20-%2020%20Aug%202020.pdf
08/20/2020,08/17/2020,Kassala,225,https://reliefweb.int/sites/reliefweb.int/files/resources/Situation%20Report%20-%20Sudan%20-%2020%20Aug%202020.pdf
08/20/2020,08/17/2020,Khartoum,"8,895",https://reliefweb.int/sites/reliefweb.int/files/resources/Situation%20Report%20-%20Sudan%20-%2020%20Aug%202020.pdf
08/20/2020,08/17/2020,North Darfur,145,https://reliefweb.int/sites/reliefweb.int/files/resources/Situation%20Report%20-%20Sudan%20-%2020%20Aug%202020.pdf
08/20/2020,08/17/2020,North Kordofan,195,https://reliefweb.int/sites/reliefweb.int/files/resources/Situation%20Report%20-%20Sudan%20-%2020%20Aug%202020.pdf
08/20/2020,08/17/2020,Northern,356,https://reliefweb.int/sites/reliefweb.int/files/resources/Situation%20Report%20-%20Sudan%20-%2020%20Aug%202020.pdf
08/20/2020,08/17/2020,Red Sea,339,https://reliefweb.int/sites/reliefweb.int/files/resources/Situation%20Report%20-%20Sudan%20-%2020%20Aug%202020.pdf
08/20/2020,08/17/2020,River Nile,428,https://reliefweb.int/sites/reliefweb.int/files/resources/Situation%20Report%20-%20Sudan%20-%2020%20Aug%202020.pdf
08/20/2020,08/17/2020,Sennar,198,https://reliefweb.int/sites/reliefweb.int/files/resources/Situation%20Report%20-%20Sudan%20-%2020%20Aug%202020.pdf
08/20/2020,08/17/2020,South Darfur,38,https://reliefweb.int/sites/reliefweb.int/files/resources/Situation%20Report%20-%20Sudan%20-%2020%20Aug%202020.pdf
08/20/2020,08/17/2020,South Kordofan,14,https://reliefweb.int/sites/reliefweb.int/files/resources/Situation%20Report%20-%20Sudan%20-%2020%20Aug%202020.pdf
08/20/2020,08/17/2020,West Darfur,33,https://reliefweb.int/sites/reliefweb.int/files/resources/Situation%20Report%20-%20Sudan%20-%2020%20Aug%202020.pdf
08/20/2020,08/17/2020,West Kordofan,69,https://reliefweb.int/sites/reliefweb.int/files/resources/Situation%20Report%20-%20Sudan%20-%2020%20Aug%202020.pdf
08/20/2020,08/17/2020,White Nile,177,https://reliefweb.int/sites/reliefweb.int/files/resources/Situation%20Report%20-%20Sudan%20-%2020%20Aug%202020.pdf
08/13/2020,08/11/2020,Abyei PCA,,https://reliefweb.int/sites/reliefweb.int/files/resources/Situation%20Report%20-%20Sudan%20-%2013%20Aug%202020%20%281%29.pdf
08/13/2020,08/11/2020,Al Jazirah,"1,104",https://reliefweb.int/sites/reliefweb.int/files/resources/Situation%20Report%20-%20Sudan%20-%2013%20Aug%202020%20%281%29.pdf
08/13/2020,08/11/2020,Blue Nile,29,https://reliefweb.int/sites/reliefweb.int/files/resources/Situation%20Report%20-%20Sudan%20-%2013%20Aug%202020%20%281%29.pdf
08/13/2020,08/11/2020,Central Darfur,6,https://reliefweb.int/sites/reliefweb.int/files/resources/Situation%20Report%20-%20Sudan%20-%2013%20Aug%202020%20%281%29.pdf
08/13/2020,08/11/2020,East Darfur,21,https://reliefweb.int/sites/reliefweb.int/files/resources/Situation%20Report%20-%20Sudan%20-%2013%20Aug%202020%20%281%29.pdf
08/13/2020,08/11/2020,Gedaref,264,https://reliefweb.int/sites/reliefweb.int/files/resources/Situation%20Report%20-%20Sudan%20-%2013%20Aug%202020%20%281%29.pdf
08/13/2020,08/11/2020,Kassala,217,https://reliefweb.int/sites/reliefweb.int/files/resources/Situation%20Report%20-%20Sudan%20-%2013%20Aug%202020%20%281%29.pdf
08/13/2020,08/11/2020,Khartoum,"8,604",https://reliefweb.int/sites/reliefweb.int/files/resources/Situation%20Report%20-%20Sudan%20-%2013%20Aug%202020%20%281%29.pdf
08/13/2020,08/11/2020,North Darfur,145,https://reliefweb.int/sites/reliefweb.int/files/resources/Situation%20Report%20-%20Sudan%20-%2013%20Aug%202020%20%281%29.pdf
08/13/2020,08/11/2020,North Kordofan,194,https://reliefweb.int/sites/reliefweb.int/files/resources/Situation%20Report%20-%20Sudan%20-%2013%20Aug%202020%20%281%29.pdf
08/13/2020,08/11/2020,Northern,324,https://reliefweb.int/sites/reliefweb.int/files/resources/Situation%20Report%20-%20Sudan%20-%2013%20Aug%202020%20%281%29.pdf
08/13/2020,08/11/2020,Red Sea,310,https://reliefweb.int/sites/reliefweb.int/files/resources/Situation%20Report%20-%20Sudan%20-%2013%20Aug%202020%20%281%29.pdf
08/13/2020,08/11/2020,River Nile,368,https://reliefweb.int/sites/reliefweb.int/files/resources/Situation%20Report%20-%20Sudan%20-%2013%20Aug%202020%20%281%29.pdf
08/13/2020,08/11/2020,Sennar,198,https://reliefweb.int/sites/reliefweb.int/files/resources/Situation%20Report%20-%20Sudan%20-%2013%20Aug%202020%20%281%29.pdf
08/13/2020,08/11/2020,South Darfur,38,https://reliefweb.int/sites/reliefweb.int/files/resources/Situation%20Report%20-%20Sudan%20-%2013%20Aug%202020%20%281%29.pdf
08/13/2020,08/11/2020,South Kordofan,14,https://reliefweb.int/sites/reliefweb.int/files/resources/Situation%20Report%20-%20Sudan%20-%2013%20Aug%202020%20%281%29.pdf
08/13/2020,08/11/2020,West Darfur,33,https://reliefweb.int/sites/reliefweb.int/files/resources/Situation%20Report%20-%20Sudan%20-%2013%20Aug%202020%20%281%29.pdf
08/13/2020,08/11/2020,West Kordofan,69,https://reliefweb.int/sites/reliefweb.int/files/resources/Situation%20Report%20-%20Sudan%20-%2013%20Aug%202020%20%281%29.pdf
08/13/2020,08/11/2020,White Nile,177,https://reliefweb.int/sites/reliefweb.int/files/resources/Situation%20Report%20-%20Sudan%20-%2013%20Aug%202020%20%281%29.pdf
08/06/2020,08/03/2020,Abyei PCA,,https://reliefweb.int/sites/reliefweb.int/files/resources/Sudan%20Situation%20Report%2C%206%20Aug%202020.pdf
08/06/2020,08/03/2020,Al Jazirah,"1,097",https://reliefweb.int/sites/reliefweb.int/files/resources/Sudan%20Situation%20Report%2C%206%20Aug%202020.pdf
08/06/2020,08/03/2020,Blue Nile,29,https://reliefweb.int/sites/reliefweb.int/files/resources/Sudan%20Situation%20Report%2C%206%20Aug%202020.pdf
08/06/2020,08/03/2020,Central Darfur,6,https://reliefweb.int/sites/reliefweb.int/files/resources/Sudan%20Situation%20Report%2C%206%20Aug%202020.pdf
08/06/2020,08/03/2020,East Darfur,21,https://reliefweb.int/sites/reliefweb.int/files/resources/Sudan%20Situation%20Report%2C%206%20Aug%202020.pdf
08/06/2020,08/03/2020,Gedaref,262,https://reliefweb.int/sites/reliefweb.int/files/resources/Sudan%20Situation%20Report%2C%206%20Aug%202020.pdf
08/06/2020,08/03/2020,Kassala,213,https://reliefweb.int/sites/reliefweb.int/files/resources/Sudan%20Situation%20Report%2C%206%20Aug%202020.pdf
08/06/2020,08/03/2020,Khartoum,"8,393",https://reliefweb.int/sites/reliefweb.int/files/resources/Sudan%20Situation%20Report%2C%206%20Aug%202020.pdf
08/06/2020,08/03/2020,North Darfur,144,https://reliefweb.int/sites/reliefweb.int/files/resources/Sudan%20Situation%20Report%2C%206%20Aug%202020.pdf
08/06/2020,08/03/2020,North Kordofan,194,https://reliefweb.int/sites/reliefweb.int/files/resources/Sudan%20Situation%20Report%2C%206%20Aug%202020.pdf
08/06/2020,08/03/2020,Northern,246,https://reliefweb.int/sites/reliefweb.int/files/resources/Sudan%20Situation%20Report%2C%206%20Aug%202020.pdf
08/06/2020,08/03/2020,Red Sea,283,https://reliefweb.int/sites/reliefweb.int/files/resources/Sudan%20Situation%20Report%2C%206%20Aug%202020.pdf
08/06/2020,08/03/2020,River Nile,363,https://reliefweb.int/sites/reliefweb.int/files/resources/Sudan%20Situation%20Report%2C%206%20Aug%202020.pdf
08/06/2020,08/03/2020,Sennar,198,https://reliefweb.int/sites/reliefweb.int/files/resources/Sudan%20Situation%20Report%2C%206%20Aug%202020.pdf
08/06/2020,08/03/2020,South Darfur,38,https://reliefweb.int/sites/reliefweb.int/files/resources/Sudan%20Situation%20Report%2C%206%20Aug%202020.pdf
08/06/2020,08/03/2020,South Kordofan,14,https://reliefweb.int/sites/reliefweb.int/files/resources/Sudan%20Situation%20Report%2C%206%20Aug%202020.pdf
08/06/2020,08/03/2020,West Darfur,33,https://reliefweb.int/sites/reliefweb.int/files/resources/Sudan%20Situation%20Report%2C%206%20Aug%202020.pdf
08/06/2020,08/03/2020,West Kordofan,69,https://reliefweb.int/sites/reliefweb.int/files/resources/Sudan%20Situation%20Report%2C%206%20Aug%202020.pdf
08/06/2020,08/03/2020,White Nile,177,https://reliefweb.int/sites/reliefweb.int/files/resources/Sudan%20Situation%20Report%2C%206%20Aug%202020.pdf
07/23/2020,07/22/2020,Abyei PCA,,https://reliefweb.int/sites/reliefweb.int/files/resources/Situation%20Report%20-%20Sudan%20-%2016%20Jul%202020%20%283%29.pdf
07/23/2020,07/22/2020,Al Jazirah,"1,072",https://reliefweb.int/sites/reliefweb.int/files/resources/Situation%20Report%20-%20Sudan%20-%2016%20Jul%202020%20%283%29.pdf
07/23/2020,07/22/2020,Blue Nile,29,https://reliefweb.int/sites/reliefweb.int/files/resources/Situation%20Report%20-%20Sudan%20-%2016%20Jul%202020%20%283%29.pdf
07/23/2020,07/22/2020,Central Darfur,6,https://reliefweb.int/sites/reliefweb.int/files/resources/Situation%20Report%20-%20Sudan%20-%2016%20Jul%202020%20%283%29.pdf
07/23/2020,07/22/2020,East Darfur,21,https://reliefweb.int/sites/reliefweb.int/files/resources/Situation%20Report%20-%20Sudan%20-%2016%20Jul%202020%20%283%29.pdf
07/23/2020,07/22/2020,Gedaref,261,https://reliefweb.int/sites/reliefweb.int/files/resources/Situation%20Report%20-%20Sudan%20-%2016%20Jul%202020%20%283%29.pdf
07/23/2020,07/22/2020,Kassala,187,https://reliefweb.int/sites/reliefweb.int/files/resources/Situation%20Report%20-%20Sudan%20-%2016%20Jul%202020%20%283%29.pdf
07/23/2020,07/22/2020,Khartoum,"8,049",https://reliefweb.int/sites/reliefweb.int/files/resources/Situation%20Report%20-%20Sudan%20-%2016%20Jul%202020%20%283%29.pdf
07/23/2020,07/22/2020,North Darfur,144,https://reliefweb.int/sites/reliefweb.int/files/resources/Situation%20Report%20-%20Sudan%20-%2016%20Jul%202020%20%283%29.pdf
07/23/2020,07/22/2020,North Kordofan,194,https://reliefweb.int/sites/reliefweb.int/files/resources/Situation%20Report%20-%20Sudan%20-%2016%20Jul%202020%20%283%29.pdf
07/23/2020,07/22/2020,Northern,192,https://reliefweb.int/sites/reliefweb.int/files/resources/Situation%20Report%20-%20Sudan%20-%2016%20Jul%202020%20%283%29.pdf
07/23/2020,07/22/2020,Red Sea,248,https://reliefweb.int/sites/reliefweb.int/files/resources/Situation%20Report%20-%20Sudan%20-%2016%20Jul%202020%20%283%29.pdf
07/23/2020,07/22/2020,River Nile,319,https://reliefweb.int/sites/reliefweb.int/files/resources/Situation%20Report%20-%20Sudan%20-%2016%20Jul%202020%20%283%29.pdf
07/23/2020,07/22/2020,Sennar,197,https://reliefweb.int/sites/reliefweb.int/files/resources/Situation%20Report%20-%20Sudan%20-%2016%20Jul%202020%20%283%29.pdf
07/23/2020,07/22/2020,South Darfur,38,https://reliefweb.int/sites/reliefweb.int/files/resources/Situation%20Report%20-%20Sudan%20-%2016%20Jul%202020%20%283%29.pdf
07/23/2020,07/22/2020,South Kordofan,14,https://reliefweb.int/sites/reliefweb.int/files/resources/Situation%20Report%20-%20Sudan%20-%2016%20Jul%202020%20%283%29.pdf
07/23/2020,07/22/2020,West Darfur,33,https://reliefweb.int/sites/reliefweb.int/files/resources/Situation%20Report%20-%20Sudan%20-%2016%20Jul%202020%20%283%29.pdf
07/23/2020,07/22/2020,West Kordofan,68,https://reliefweb.int/sites/reliefweb.int/files/resources/Situation%20Report%20-%20Sudan%20-%2016%20Jul%202020%20%283%29.pdf
07/23/2020,07/22/2020,White Nile,165,https://reliefweb.int/sites/reliefweb.int/files/resources/Situation%20Report%20-%20Sudan%20-%2016%20Jul%202020%20%283%29.pdf
07/16/2020,07/11/2020,Abyei PCA,,https://reliefweb.int/sites/reliefweb.int/files/resources/Situation%20Report%20-%20Sudan%20-%2016%20Jul%202020%20%281%29.pdf
07/16/2020,07/11/2020,Al Jazirah,"1,031",https://reliefweb.int/sites/reliefweb.int/files/resources/Situation%20Report%20-%20Sudan%20-%2016%20Jul%202020%20%281%29.pdf
07/16/2020,07/11/2020,Blue Nile,29,https://reliefweb.int/sites/reliefweb.int/files/resources/Situation%20Report%20-%20Sudan%20-%2016%20Jul%202020%20%281%29.pdf
07/16/2020,07/11/2020,Central Darfur,6,https://reliefweb.int/sites/reliefweb.int/files/resources/Situation%20Report%20-%20Sudan%20-%2016%20Jul%202020%20%281%29.pdf
07/16/2020,07/11/2020,East Darfur,21,https://reliefweb.int/sites/reliefweb.int/files/resources/Situation%20Report%20-%20Sudan%20-%2016%20Jul%202020%20%281%29.pdf
07/16/2020,07/11/2020,Gedaref,255,https://reliefweb.int/sites/reliefweb.int/files/resources/Situation%20Report%20-%20Sudan%20-%2016%20Jul%202020%20%281%29.pdf
07/16/2020,07/11/2020,Kassala,149,https://reliefweb.int/sites/reliefweb.int/files/resources/Situation%20Report%20-%20Sudan%20-%2016%20Jul%202020%20%281%29.pdf
07/16/2020,07/11/2020,Khartoum,"7,585",https://reliefweb.int/sites/reliefweb.int/files/resources/Situation%20Report%20-%20Sudan%20-%2016%20Jul%202020%20%281%29.pdf
07/16/2020,07/11/2020,North Darfur,144,https://reliefweb.int/sites/reliefweb.int/files/resources/Situation%20Report%20-%20Sudan%20-%2016%20Jul%202020%20%281%29.pdf
07/16/2020,07/11/2020,North Kordofan,186,https://reliefweb.int/sites/reliefweb.int/files/resources/Situation%20Report%20-%20Sudan%20-%2016%20Jul%202020%20%281%29.pdf
07/16/2020,07/11/2020,Northern,142,https://reliefweb.int/sites/reliefweb.int/files/resources/Situation%20Report%20-%20Sudan%20-%2016%20Jul%202020%20%281%29.pdf
07/16/2020,07/11/2020,Red Sea,216,https://reliefweb.int/sites/reliefweb.int/files/resources/Situation%20Report%20-%20Sudan%20-%2016%20Jul%202020%20%281%29.pdf
07/16/2020,07/11/2020,River Nile,250,https://reliefweb.int/sites/reliefweb.int/files/resources/Situation%20Report%20-%20Sudan%20-%2016%20Jul%202020%20%281%29.pdf
07/16/2020,07/11/2020,Sennar,196,https://reliefweb.int/sites/reliefweb.int/files/resources/Situation%20Report%20-%20Sudan%20-%2016%20Jul%202020%20%281%29.pdf
07/16/2020,07/11/2020,South Darfur,38,https://reliefweb.int/sites/reliefweb.int/files/resources/Situation%20Report%20-%20Sudan%20-%2016%20Jul%202020%20%281%29.pdf
07/16/2020,07/11/2020,South Kordofan,14,https://reliefweb.int/sites/reliefweb.int/files/resources/Situation%20Report%20-%20Sudan%20-%2016%20Jul%202020%20%281%29.pdf
07/16/2020,07/11/2020,West Darfur,33,https://reliefweb.int/sites/reliefweb.int/files/resources/Situation%20Report%20-%20Sudan%20-%2016%20Jul%202020%20%281%29.pdf
07/16/2020,07/11/2020,West Kordofan,67,https://reliefweb.int/sites/reliefweb.int/files/resources/Situation%20Report%20-%20Sudan%20-%2016%20Jul%202020%20%281%29.pdf
07/16/2020,07/11/2020,White Nile,165,https://reliefweb.int/sites/reliefweb.int/files/resources/Situation%20Report%20-%20Sudan%20-%2016%20Jul%202020%20%281%29.pdf
07/09/2020,07/05/2020,Abyei PCA,,https://reliefweb.int/sites/reliefweb.int/files/resources/Situation%20Report%20-%20Sudan%20-%209%20Jul%202020.pdf
07/09/2020,07/05/2020,Al Jazirah,975,https://reliefweb.int/sites/reliefweb.int/files/resources/Situation%20Report%20-%20Sudan%20-%209%20Jul%202020.pdf
07/09/2020,07/05/2020,Blue Nile,27,https://reliefweb.int/sites/reliefweb.int/files/resources/Situation%20Report%20-%20Sudan%20-%209%20Jul%202020.pdf
07/09/2020,07/05/2020,Central Darfur,5,https://reliefweb.int/sites/reliefweb.int/files/resources/Situation%20Report%20-%20Sudan%20-%209%20Jul%202020.pdf
07/09/2020,07/05/2020,East Darfur,21,https://reliefweb.int/sites/reliefweb.int/files/resources/Situation%20Report%20-%20Sudan%20-%209%20Jul%202020.pdf
07/09/2020,07/05/2020,Gedaref,251,https://reliefweb.int/sites/reliefweb.int/files/resources/Situation%20Report%20-%20Sudan%20-%209%20Jul%202020.pdf
07/09/2020,07/05/2020,Kassala,123,https://reliefweb.int/sites/reliefweb.int/files/resources/Situation%20Report%20-%20Sudan%20-%209%20Jul%202020.pdf
07/09/2020,07/05/2020,Khartoum,"7,318",https://reliefweb.int/sites/reliefweb.int/files/resources/Situation%20Report%20-%20Sudan%20-%209%20Jul%202020.pdf
07/09/2020,07/05/2020,North Darfur,142,https://reliefweb.int/sites/reliefweb.int/files/resources/Situation%20Report%20-%20Sudan%20-%209%20Jul%202020.pdf
07/09/2020,07/05/2020,North Kordofan,183,https://reliefweb.int/sites/reliefweb.int/files/resources/Situation%20Report%20-%20Sudan%20-%209%20Jul%202020.pdf
07/09/2020,07/05/2020,Northern,121,https://reliefweb.int/sites/reliefweb.int/files/resources/Situation%20Report%20-%20Sudan%20-%209%20Jul%202020.pdf
07/09/2020,07/05/2020,Red Sea,185,https://reliefweb.int/sites/reliefweb.int/files/resources/Situation%20Report%20-%20Sudan%20-%209%20Jul%202020.pdf
07/09/2020,07/05/2020,River Nile,226,https://reliefweb.int/sites/reliefweb.int/files/resources/Situation%20Report%20-%20Sudan%20-%209%20Jul%202020.pdf
07/09/2020,07/05/2020,Sennar,195,https://reliefweb.int/sites/reliefweb.int/files/resources/Situation%20Report%20-%20Sudan%20-%209%20Jul%202020.pdf
07/09/2020,07/05/2020,South Darfur,38,https://reliefweb.int/sites/reliefweb.int/files/resources/Situation%20Report%20-%20Sudan%20-%209%20Jul%202020.pdf
07/09/2020,07/05/2020,South Kordofan,15,https://reliefweb.int/sites/reliefweb.int/files/resources/Situation%20Report%20-%20Sudan%20-%209%20Jul%202020.pdf
07/09/2020,07/05/2020,West Darfur,33,https://reliefweb.int/sites/reliefweb.int/files/resources/Situation%20Report%20-%20Sudan%20-%209%20Jul%202020.pdf
07/09/2020,07/05/2020,West Kordofan,62,https://reliefweb.int/sites/reliefweb.int/files/resources/Situation%20Report%20-%20Sudan%20-%209%20Jul%202020.pdf
07/09/2020,07/05/2020,White Nile,164,https://reliefweb.int/sites/reliefweb.int/files/resources/Situation%20Report%20-%20Sudan%20-%209%20Jul%202020.pdf
07/07/2020,07/03/2020,Abyei PCA,,https://reliefweb.int/sites/reliefweb.int/files/resources/Situation%20Report%20-%20Sudan%20-%202%20Jul%202020.pdf
07/07/2020,07/03/2020,Al Jazirah,955,https://reliefweb.int/sites/reliefweb.int/files/resources/Situation%20Report%20-%20Sudan%20-%202%20Jul%202020.pdf
07/07/2020,07/03/2020,Blue Nile,27,https://reliefweb.int/sites/reliefweb.int/files/resources/Situation%20Report%20-%20Sudan%20-%202%20Jul%202020.pdf
07/07/2020,07/03/2020,Central Darfur,5,https://reliefweb.int/sites/reliefweb.int/files/resources/Situation%20Report%20-%20Sudan%20-%202%20Jul%202020.pdf
07/07/2020,07/03/2020,East Darfur,21,https://reliefweb.int/sites/reliefweb.int/files/resources/Situation%20Report%20-%20Sudan%20-%202%20Jul%202020.pdf
07/07/2020,07/03/2020,Gedaref,250,https://reliefweb.int/sites/reliefweb.int/files/resources/Situation%20Report%20-%20Sudan%20-%202%20Jul%202020.pdf
07/07/2020,07/03/2020,Kassala,123,https://reliefweb.int/sites/reliefweb.int/files/resources/Situation%20Report%20-%20Sudan%20-%202%20Jul%202020.pdf
07/07/2020,07/03/2020,Khartoum,"7,214",https://reliefweb.int/sites/reliefweb.int/files/resources/Situation%20Report%20-%20Sudan%20-%202%20Jul%202020.pdf
07/07/2020,07/03/2020,North Darfur,142,https://reliefweb.int/sites/reliefweb.int/files/resources/Situation%20Report%20-%20Sudan%20-%202%20Jul%202020.pdf
07/07/2020,07/03/2020,North Kordofan,183,https://reliefweb.int/sites/reliefweb.int/files/resources/Situation%20Report%20-%20Sudan%20-%202%20Jul%202020.pdf
07/07/2020,07/03/2020,Northern,96,https://reliefweb.int/sites/reliefweb.int/files/resources/Situation%20Report%20-%20Sudan%20-%202%20Jul%202020.pdf
07/07/2020,07/03/2020,Red Sea,182,https://reliefweb.int/sites/reliefweb.int/files/resources/Situation%20Report%20-%20Sudan%20-%202%20Jul%202020.pdf
07/07/2020,07/03/2020,River Nile,202,https://reliefweb.int/sites/reliefweb.int/files/resources/Situation%20Report%20-%20Sudan%20-%202%20Jul%202020.pdf
07/07/2020,07/03/2020,Sennar,195,https://reliefweb.int/sites/reliefweb.int/files/resources/Situation%20Report%20-%20Sudan%20-%202%20Jul%202020.pdf
07/07/2020,07/03/2020,South Darfur,38,https://reliefweb.int/sites/reliefweb.int/files/resources/Situation%20Report%20-%20Sudan%20-%202%20Jul%202020.pdf
07/07/2020,07/03/2020,South Kordofan,15,https://reliefweb.int/sites/reliefweb.int/files/resources/Situation%20Report%20-%20Sudan%20-%202%20Jul%202020.pdf
07/07/2020,07/03/2020,West Darfur,32,https://reliefweb.int/sites/reliefweb.int/files/resources/Situation%20Report%20-%20Sudan%20-%202%20Jul%202020.pdf
07/07/2020,07/03/2020,West Kordofan,56,https://reliefweb.int/sites/reliefweb.int/files/resources/Situation%20Report%20-%20Sudan%20-%202%20Jul%202020.pdf
07/07/2020,07/03/2020,White Nile,158,https://reliefweb.int/sites/reliefweb.int/files/resources/Situation%20Report%20-%20Sudan%20-%202%20Jul%202020.pdf
07/05/2020,07/02/2020,Abyei PCA,,https://reliefweb.int/sites/reliefweb.int/files/resources/Situation%20Report%20-%20Sudan%20-%202%20Jul%202020.pdf
07/05/2020,07/02/2020,Al Jazirah,940,https://reliefweb.int/sites/reliefweb.int/files/resources/Situation%20Report%20-%20Sudan%20-%202%20Jul%202020.pdf
07/05/2020,07/02/2020,Blue Nile,27,https://reliefweb.int/sites/reliefweb.int/files/resources/Situation%20Report%20-%20Sudan%20-%202%20Jul%202020.pdf
07/05/2020,07/02/2020,Central Darfur,5,https://reliefweb.int/sites/reliefweb.int/files/resources/Situation%20Report%20-%20Sudan%20-%202%20Jul%202020.pdf
07/05/2020,07/02/2020,East Darfur,21,https://reliefweb.int/sites/reliefweb.int/files/resources/Situation%20Report%20-%20Sudan%20-%202%20Jul%202020.pdf
07/05/2020,07/02/2020,Gedaref,250,https://reliefweb.int/sites/reliefweb.int/files/resources/Situation%20Report%20-%20Sudan%20-%202%20Jul%202020.pdf
07/05/2020,07/02/2020,Kassala,123,https://reliefweb.int/sites/reliefweb.int/files/resources/Situation%20Report%20-%20Sudan%20-%202%20Jul%202020.pdf
07/05/2020,07/02/2020,Khartoum,"7,131",https://reliefweb.int/sites/reliefweb.int/files/resources/Situation%20Report%20-%20Sudan%20-%202%20Jul%202020.pdf
07/05/2020,07/02/2020,North Darfur,142,https://reliefweb.int/sites/reliefweb.int/files/resources/Situation%20Report%20-%20Sudan%20-%202%20Jul%202020.pdf
07/05/2020,07/02/2020,North Kordofan,181,https://reliefweb.int/sites/reliefweb.int/files/resources/Situation%20Report%20-%20Sudan%20-%202%20Jul%202020.pdf
07/05/2020,07/02/2020,Northern,96,https://reliefweb.int/sites/reliefweb.int/files/resources/Situation%20Report%20-%20Sudan%20-%202%20Jul%202020.pdf
07/05/2020,07/02/2020,Red Sea,180,https://reliefweb.int/sites/reliefweb.int/files/resources/Situation%20Report%20-%20Sudan%20-%202%20Jul%202020.pdf
07/05/2020,07/02/2020,River Nile,186,https://reliefweb.int/sites/reliefweb.int/files/resources/Situation%20Report%20-%20Sudan%20-%202%20Jul%202020.pdf
07/05/2020,07/02/2020,Sennar,189,https://reliefweb.int/sites/reliefweb.int/files/resources/Situation%20Report%20-%20Sudan%20-%202%20Jul%202020.pdf
07/05/2020,07/02/2020,South Darfur,38,https://reliefweb.int/sites/reliefweb.int/files/resources/Situation%20Report%20-%20Sudan%20-%202%20Jul%202020.pdf
07/05/2020,07/02/2020,South Kordofan,14,https://reliefweb.int/sites/reliefweb.int/files/resources/Situation%20Report%20-%20Sudan%20-%202%20Jul%202020.pdf
07/05/2020,07/02/2020,West Darfur,32,https://reliefweb.int/sites/reliefweb.int/files/resources/Situation%20Report%20-%20Sudan%20-%202%20Jul%202020.pdf
07/05/2020,07/02/2020,West Kordofan,55,https://reliefweb.int/sites/reliefweb.int/files/resources/Situation%20Report%20-%20Sudan%20-%202%20Jul%202020.pdf
07/05/2020,07/02/2020,White Nile,157,https://reliefweb.int/sites/reliefweb.int/files/resources/Situation%20Report%20-%20Sudan%20-%202%20Jul%202020.pdf
07/01/2020,06/29/2020,Abyei PCA,,https://reliefweb.int/sites/reliefweb.int/files/resources/Situation%20Report%20-%20Sudan%20-%202%20Jul%202020%20%281%29.pdf
07/01/2020,06/29/2020,Al Jazirah,923,https://reliefweb.int/sites/reliefweb.int/files/resources/Situation%20Report%20-%20Sudan%20-%202%20Jul%202020%20%281%29.pdf
07/01/2020,06/29/2020,Blue Nile,27,https://reliefweb.int/sites/reliefweb.int/files/resources/Situation%20Report%20-%20Sudan%20-%202%20Jul%202020%20%281%29.pdf
07/01/2020,06/29/2020,Central Darfur,5,https://reliefweb.int/sites/reliefweb.int/files/resources/Situation%20Report%20-%20Sudan%20-%202%20Jul%202020%20%281%29.pdf
07/01/2020,06/29/2020,East Darfur,21,https://reliefweb.int/sites/reliefweb.int/files/resources/Situation%20Report%20-%20Sudan%20-%202%20Jul%202020%20%281%29.pdf
07/01/2020,06/29/2020,Gedaref,249,https://reliefweb.int/sites/reliefweb.int/files/resources/Situation%20Report%20-%20Sudan%20-%202%20Jul%202020%20%281%29.pdf
07/01/2020,06/29/2020,Kassala,116,https://reliefweb.int/sites/reliefweb.int/files/resources/Situation%20Report%20-%20Sudan%20-%202%20Jul%202020%20%281%29.pdf
07/01/2020,06/29/2020,Khartoum,"7,034",https://reliefweb.int/sites/reliefweb.int/files/resources/Situation%20Report%20-%20Sudan%20-%202%20Jul%202020%20%281%29.pdf
07/01/2020,06/29/2020,North Darfur,140,https://reliefweb.int/sites/reliefweb.int/files/resources/Situation%20Report%20-%20Sudan%20-%202%20Jul%202020%20%281%29.pdf
07/01/2020,06/29/2020,North Kordofan,179,https://reliefweb.int/sites/reliefweb.int/files/resources/Situation%20Report%20-%20Sudan%20-%202%20Jul%202020%20%281%29.pdf
07/01/2020,06/29/2020,Northern,92,https://reliefweb.int/sites/reliefweb.int/files/resources/Situation%20Report%20-%20Sudan%20-%202%20Jul%202020%20%281%29.pdf
07/01/2020,06/29/2020,Red Sea,168,https://reliefweb.int/sites/reliefweb.int/files/resources/Situation%20Report%20-%20Sudan%20-%202%20Jul%202020%20%281%29.pdf
07/01/2020,06/29/2020,River Nile,144,https://reliefweb.int/sites/reliefweb.int/files/resources/Situation%20Report%20-%20Sudan%20-%202%20Jul%202020%20%281%29.pdf
07/01/2020,06/29/2020,Sennar,188,https://reliefweb.int/sites/reliefweb.int/files/resources/Situation%20Report%20-%20Sudan%20-%202%20Jul%202020%20%281%29.pdf
07/01/2020,06/29/2020,South Darfur,38,https://reliefweb.int/sites/reliefweb.int/files/resources/Situation%20Report%20-%20Sudan%20-%202%20Jul%202020%20%281%29.pdf
07/01/2020,06/29/2020,South Kordofan,13,https://reliefweb.int/sites/reliefweb.int/files/resources/Situation%20Report%20-%20Sudan%20-%202%20Jul%202020%20%281%29.pdf
07/01/2020,06/29/2020,West Darfur,32,https://reliefweb.int/sites/reliefweb.int/files/resources/Situation%20Report%20-%20Sudan%20-%202%20Jul%202020%20%281%29.pdf
07/01/2020,06/29/2020,West Kordofan,54,https://reliefweb.int/sites/reliefweb.int/files/resources/Situation%20Report%20-%20Sudan%20-%202%20Jul%202020%20%281%29.pdf
07/01/2020,06/29/2020,White Nile,150,https://reliefweb.int/sites/reliefweb.int/files/resources/Situation%20Report%20-%20Sudan%20-%202%20Jul%202020%20%281%29.pdf
06/25/2020,06/22/2020,Abyei PCA,,https://reliefweb.int/sites/reliefweb.int/files/resources/Situation%20Report%20-%20Sudan%20-%2025%20Jun%202020.pdf
06/25/2020,06/22/2020,Al Jazirah,847,https://reliefweb.int/sites/reliefweb.int/files/resources/Situation%20Report%20-%20Sudan%20-%2025%20Jun%202020.pdf
06/25/2020,06/22/2020,Blue Nile,26,https://reliefweb.int/sites/reliefweb.int/files/resources/Situation%20Report%20-%20Sudan%20-%2025%20Jun%202020.pdf
06/25/2020,06/22/2020,Central Darfur,5,https://reliefweb.int/sites/reliefweb.int/files/resources/Situation%20Report%20-%20Sudan%20-%2025%20Jun%202020.pdf
06/25/2020,06/22/2020,East Darfur,20,https://reliefweb.int/sites/reliefweb.int/files/resources/Situation%20Report%20-%20Sudan%20-%2025%20Jun%202020.pdf
06/25/2020,06/22/2020,Gedaref,241,https://reliefweb.int/sites/reliefweb.int/files/resources/Situation%20Report%20-%20Sudan%20-%2025%20Jun%202020.pdf
06/25/2020,06/22/2020,Kassala,87,https://reliefweb.int/sites/reliefweb.int/files/resources/Situation%20Report%20-%20Sudan%20-%2025%20Jun%202020.pdf
06/25/2020,06/22/2020,Khartoum,"6,715",https://reliefweb.int/sites/reliefweb.int/files/resources/Situation%20Report%20-%20Sudan%20-%2025%20Jun%202020.pdf
06/25/2020,06/22/2020,North Darfur,137,https://reliefweb.int/sites/reliefweb.int/files/resources/Situation%20Report%20-%20Sudan%20-%2025%20Jun%202020.pdf
06/25/2020,06/22/2020,North Kordofan,170,https://reliefweb.int/sites/reliefweb.int/files/resources/Situation%20Report%20-%20Sudan%20-%2025%20Jun%202020.pdf
06/25/2020,06/22/2020,Northern,50,https://reliefweb.int/sites/reliefweb.int/files/resources/Situation%20Report%20-%20Sudan%20-%2025%20Jun%202020.pdf
06/25/2020,06/22/2020,Red Sea,146,https://reliefweb.int/sites/reliefweb.int/files/resources/Situation%20Report%20-%20Sudan%20-%2025%20Jun%202020.pdf
06/25/2020,06/22/2020,River Nile,113,https://reliefweb.int/sites/reliefweb.int/files/resources/Situation%20Report%20-%20Sudan%20-%2025%20Jun%202020.pdf
06/25/2020,06/22/2020,Sennar,181,https://reliefweb.int/sites/reliefweb.int/files/resources/Situation%20Report%20-%20Sudan%20-%2025%20Jun%202020.pdf
06/25/2020,06/22/2020,South Darfur,38,https://reliefweb.int/sites/reliefweb.int/files/resources/Situation%20Report%20-%20Sudan%20-%2025%20Jun%202020.pdf
06/25/2020,06/22/2020,South Kordofan,11,https://reliefweb.int/sites/reliefweb.int/files/resources/Situation%20Report%20-%20Sudan%20-%2025%20Jun%202020.pdf
06/25/2020,06/22/2020,West Darfur,30,https://reliefweb.int/sites/reliefweb.int/files/resources/Situation%20Report%20-%20Sudan%20-%2025%20Jun%202020.pdf
06/25/2020,06/22/2020,West Kordofan,34,https://reliefweb.int/sites/reliefweb.int/files/resources/Situation%20Report%20-%20Sudan%20-%2025%20Jun%202020.pdf
06/25/2020,06/22/2020,White Nile,133,https://reliefweb.int/sites/reliefweb.int/files/resources/Situation%20Report%20-%20Sudan%20-%2025%20Jun%202020.pdf
06/18/2020,06/15/2020,Abyei PCA,,https://reliefweb.int/sites/reliefweb.int/files/resources/Situation%20Report%20-%20Sudan%20-%2011%20Jun%202020%20%281%29.pdf
06/18/2020,06/15/2020,Al Jazirah,715,https://reliefweb.int/sites/reliefweb.int/files/resources/Situation%20Report%20-%20Sudan%20-%2011%20Jun%202020%20%281%29.pdf
06/18/2020,06/15/2020,Blue Nile,20,https://reliefweb.int/sites/reliefweb.int/files/resources/Situation%20Report%20-%20Sudan%20-%2011%20Jun%202020%20%281%29.pdf
06/18/2020,06/15/2020,Central Darfur,4,https://reliefweb.int/sites/reliefweb.int/files/resources/Situation%20Report%20-%20Sudan%20-%2011%20Jun%202020%20%281%29.pdf
06/18/2020,06/15/2020,East Darfur,19,https://reliefweb.int/sites/reliefweb.int/files/resources/Situation%20Report%20-%20Sudan%20-%2011%20Jun%202020%20%281%29.pdf
06/18/2020,06/15/2020,Gedaref,215,https://reliefweb.int/sites/reliefweb.int/files/resources/Situation%20Report%20-%20Sudan%20-%2011%20Jun%202020%20%281%29.pdf
06/18/2020,06/15/2020,Kassala,63,https://reliefweb.int/sites/reliefweb.int/files/resources/Situation%20Report%20-%20Sudan%20-%2011%20Jun%202020%20%281%29.pdf
06/18/2020,06/15/2020,Khartoum,"6,138",https://reliefweb.int/sites/reliefweb.int/files/resources/Situation%20Report%20-%20Sudan%20-%2011%20Jun%202020%20%281%29.pdf
06/18/2020,06/15/2020,North Darfur,124,https://reliefweb.int/sites/reliefweb.int/files/resources/Situation%20Report%20-%20Sudan%20-%2011%20Jun%202020%20%281%29.pdf
06/18/2020,06/15/2020,North Kordofan,155,https://reliefweb.int/sites/reliefweb.int/files/resources/Situation%20Report%20-%20Sudan%20-%2011%20Jun%202020%20%281%29.pdf
06/18/2020,06/15/2020,Northern,35,https://reliefweb.int/sites/reliefweb.int/files/resources/Situation%20Report%20-%20Sudan%20-%2011%20Jun%202020%20%281%29.pdf
06/18/2020,06/15/2020,Red Sea,98,https://reliefweb.int/sites/reliefweb.int/files/resources/Situation%20Report%20-%20Sudan%20-%2011%20Jun%202020%20%281%29.pdf
06/18/2020,06/15/2020,River Nile,71,https://reliefweb.int/sites/reliefweb.int/files/resources/Situation%20Report%20-%20Sudan%20-%2011%20Jun%202020%20%281%29.pdf
06/18/2020,06/15/2020,Sennar,157,https://reliefweb.int/sites/reliefweb.int/files/resources/Situation%20Report%20-%20Sudan%20-%2011%20Jun%202020%20%281%29.pdf
06/18/2020,06/15/2020,South Darfur,38,https://reliefweb.int/sites/reliefweb.int/files/resources/Situation%20Report%20-%20Sudan%20-%2011%20Jun%202020%20%281%29.pdf
06/18/2020,06/15/2020,South Kordofan,8,https://reliefweb.int/sites/reliefweb.int/files/resources/Situation%20Report%20-%20Sudan%20-%2011%20Jun%202020%20%281%29.pdf
06/18/2020,06/15/2020,West Darfur,28,https://reliefweb.int/sites/reliefweb.int/files/resources/Situation%20Report%20-%20Sudan%20-%2011%20Jun%202020%20%281%29.pdf
06/18/2020,06/15/2020,West Kordofan,22,https://reliefweb.int/sites/reliefweb.int/files/resources/Situation%20Report%20-%20Sudan%20-%2011%20Jun%202020%20%281%29.pdf
06/18/2020,06/15/2020,White Nile,110,https://reliefweb.int/sites/reliefweb.int/files/resources/Situation%20Report%20-%20Sudan%20-%2011%20Jun%202020%20%281%29.pdf
06/16/2020,06/13/2020,Abyei PCA,,https://reliefweb.int/sites/reliefweb.int/files/resources/Situation%20Report%20-%20Sudan%20-%2011%20Jun%202020%20%281%29.pdf
06/16/2020,06/13/2020,Al Jazirah,676,https://reliefweb.int/sites/reliefweb.int/files/resources/Situation%20Report%20-%20Sudan%20-%2011%20Jun%202020%20%281%29.pdf
06/16/2020,06/13/2020,Blue Nile,17,https://reliefweb.int/sites/reliefweb.int/files/resources/Situation%20Report%20-%20Sudan%20-%2011%20Jun%202020%20%281%29.pdf
06/16/2020,06/13/2020,Central Darfur,4,https://reliefweb.int/sites/reliefweb.int/files/resources/Situation%20Report%20-%20Sudan%20-%2011%20Jun%202020%20%281%29.pdf
06/16/2020,06/13/2020,East Darfur,19,https://reliefweb.int/sites/reliefweb.int/files/resources/Situation%20Report%20-%20Sudan%20-%2011%20Jun%202020%20%281%29.pdf
06/16/2020,06/13/2020,Gedaref,206,https://reliefweb.int/sites/reliefweb.int/files/resources/Situation%20Report%20-%20Sudan%20-%2011%20Jun%202020%20%281%29.pdf
06/16/2020,06/13/2020,Kassala,63,https://reliefweb.int/sites/reliefweb.int/files/resources/Situation%20Report%20-%20Sudan%20-%2011%20Jun%202020%20%281%29.pdf
06/16/2020,06/13/2020,Khartoum,"5,666",https://reliefweb.int/sites/reliefweb.int/files/resources/Situation%20Report%20-%20Sudan%20-%2011%20Jun%202020%20%281%29.pdf
06/16/2020,06/13/2020,North Darfur,117,https://reliefweb.int/sites/reliefweb.int/files/resources/Situation%20Report%20-%20Sudan%20-%2011%20Jun%202020%20%281%29.pdf
06/16/2020,06/13/2020,North Kordofan,145,https://reliefweb.int/sites/reliefweb.int/files/resources/Situation%20Report%20-%20Sudan%20-%2011%20Jun%202020%20%281%29.pdf
06/16/2020,06/13/2020,Northern,30,https://reliefweb.int/sites/reliefweb.int/files/resources/Situation%20Report%20-%20Sudan%20-%2011%20Jun%202020%20%281%29.pdf
06/16/2020,06/13/2020,Red Sea,89,https://reliefweb.int/sites/reliefweb.int/files/resources/Situation%20Report%20-%20Sudan%20-%2011%20Jun%202020%20%281%29.pdf
06/16/2020,06/13/2020,River Nile,59,https://reliefweb.int/sites/reliefweb.int/files/resources/Situation%20Report%20-%20Sudan%20-%2011%20Jun%202020%20%281%29.pdf
06/16/2020,06/13/2020,Sennar,150,https://reliefweb.int/sites/reliefweb.int/files/resources/Situation%20Report%20-%20Sudan%20-%2011%20Jun%202020%20%281%29.pdf
06/16/2020,06/13/2020,South Darfur,36,https://reliefweb.int/sites/reliefweb.int/files/resources/Situation%20Report%20-%20Sudan%20-%2011%20Jun%202020%20%281%29.pdf
06/16/2020,06/13/2020,South Kordofan,7,https://reliefweb.int/sites/reliefweb.int/files/resources/Situation%20Report%20-%20Sudan%20-%2011%20Jun%202020%20%281%29.pdf
06/16/2020,06/13/2020,West Darfur,28,https://reliefweb.int/sites/reliefweb.int/files/resources/Situation%20Report%20-%20Sudan%20-%2011%20Jun%202020%20%281%29.pdf
06/16/2020,06/13/2020,West Kordofan,22,https://reliefweb.int/sites/reliefweb.int/files/resources/Situation%20Report%20-%20Sudan%20-%2011%20Jun%202020%20%281%29.pdf
06/16/2020,06/13/2020,White Nile,101,https://reliefweb.int/sites/reliefweb.int/files/resources/Situation%20Report%20-%20Sudan%20-%2011%20Jun%202020%20%281%29.pdf
06/04/2020,06/02/2020,Abyei PCA,,https://reliefweb.int/sites/reliefweb.int/files/resources/Situation%20Report%20-%20Sudan%20-%204%20Jun%202020%20%281%29.pdf
06/04/2020,06/02/2020,Al Jazirah,420,https://reliefweb.int/sites/reliefweb.int/files/resources/Situation%20Report%20-%20Sudan%20-%204%20Jun%202020%20%281%29.pdf
06/04/2020,06/02/2020,Blue Nile,11,https://reliefweb.int/sites/reliefweb.int/files/resources/Situation%20Report%20-%20Sudan%20-%204%20Jun%202020%20%281%29.pdf
06/04/2020,06/02/2020,Central Darfur,4,https://reliefweb.int/sites/reliefweb.int/files/resources/Situation%20Report%20-%20Sudan%20-%204%20Jun%202020%20%281%29.pdf
06/04/2020,06/02/2020,East Darfur,16,https://reliefweb.int/sites/reliefweb.int/files/resources/Situation%20Report%20-%20Sudan%20-%204%20Jun%202020%20%281%29.pdf
06/04/2020,06/02/2020,Gedaref,169,https://reliefweb.int/sites/reliefweb.int/files/resources/Situation%20Report%20-%20Sudan%20-%204%20Jun%202020%20%281%29.pdf
06/04/2020,06/02/2020,Kassala,52,https://reliefweb.int/sites/reliefweb.int/files/resources/Situation%20Report%20-%20Sudan%20-%204%20Jun%202020%20%281%29.pdf
06/04/2020,06/02/2020,Khartoum,"4,313",https://reliefweb.int/sites/reliefweb.int/files/resources/Situation%20Report%20-%20Sudan%20-%204%20Jun%202020%20%281%29.pdf
06/04/2020,06/02/2020,North Darfur,68,https://reliefweb.int/sites/reliefweb.int/files/resources/Situation%20Report%20-%20Sudan%20-%204%20Jun%202020%20%281%29.pdf
06/04/2020,06/02/2020,North Kordofan,137,https://reliefweb.int/sites/reliefweb.int/files/resources/Situation%20Report%20-%20Sudan%20-%204%20Jun%202020%20%281%29.pdf
06/04/2020,06/02/2020,Northern,2,https://reliefweb.int/sites/reliefweb.int/files/resources/Situation%20Report%20-%20Sudan%20-%204%20Jun%202020%20%281%29.pdf
06/04/2020,06/02/2020,Red Sea,13,https://reliefweb.int/sites/reliefweb.int/files/resources/Situation%20Report%20-%20Sudan%20-%204%20Jun%202020%20%281%29.pdf
06/04/2020,06/02/2020,River Nile,24,https://reliefweb.int/sites/reliefweb.int/files/resources/Situation%20Report%20-%20Sudan%20-%204%20Jun%202020%20%281%29.pdf
06/04/2020,06/02/2020,Sennar,116,https://reliefweb.int/sites/reliefweb.int/files/resources/Situation%20Report%20-%20Sudan%20-%204%20Jun%202020%20%281%29.pdf
06/04/2020,06/02/2020,South Darfur,35,https://reliefweb.int/sites/reliefweb.int/files/resources/Situation%20Report%20-%20Sudan%20-%204%20Jun%202020%20%281%29.pdf
06/04/2020,06/02/2020,South Kordofan,6,https://reliefweb.int/sites/reliefweb.int/files/resources/Situation%20Report%20-%20Sudan%20-%204%20Jun%202020%20%281%29.pdf
06/04/2020,06/02/2020,West Darfur,26,https://reliefweb.int/sites/reliefweb.int/files/resources/Situation%20Report%20-%20Sudan%20-%204%20Jun%202020%20%281%29.pdf
06/04/2020,06/02/2020,West Kordofan,12,https://reliefweb.int/sites/reliefweb.int/files/resources/Situation%20Report%20-%20Sudan%20-%204%20Jun%202020%20%281%29.pdf
06/04/2020,06/02/2020,White Nile,57,https://reliefweb.int/sites/reliefweb.int/files/resources/Situation%20Report%20-%20Sudan%20-%204%20Jun%202020%20%281%29.pdf
05/31/2020,05/28/2020,Abyei PCA,,https://reliefweb.int/sites/reliefweb.int/files/resources/Situation%20Report%20-%20Sudan%20-%2029%20May%202020.pdf
05/31/2020,05/28/2020,Al Jazirah,335,https://reliefweb.int/sites/reliefweb.int/files/resources/Situation%20Report%20-%20Sudan%20-%2029%20May%202020.pdf
05/31/2020,05/28/2020,Blue Nile,8,https://reliefweb.int/sites/reliefweb.int/files/resources/Situation%20Report%20-%20Sudan%20-%2029%20May%202020.pdf
05/31/2020,05/28/2020,Central Darfur,4,https://reliefweb.int/sites/reliefweb.int/files/resources/Situation%20Report%20-%20Sudan%20-%2029%20May%202020.pdf
05/31/2020,05/28/2020,East Darfur,14,https://reliefweb.int/sites/reliefweb.int/files/resources/Situation%20Report%20-%20Sudan%20-%2029%20May%202020.pdf
05/31/2020,05/28/2020,Gedaref,151,https://reliefweb.int/sites/reliefweb.int/files/resources/Situation%20Report%20-%20Sudan%20-%2029%20May%202020.pdf
05/31/2020,05/28/2020,Kassala,40,https://reliefweb.int/sites/reliefweb.int/files/resources/Situation%20Report%20-%20Sudan%20-%2029%20May%202020.pdf
05/31/2020,05/28/2020,Khartoum,"3,794",https://reliefweb.int/sites/reliefweb.int/files/resources/Situation%20Report%20-%20Sudan%20-%2029%20May%202020.pdf
05/31/2020,05/28/2020,North Darfur,61,https://reliefweb.int/sites/reliefweb.int/files/resources/Situation%20Report%20-%20Sudan%20-%2029%20May%202020.pdf
05/31/2020,05/28/2020,North Kordofan,124,https://reliefweb.int/sites/reliefweb.int/files/resources/Situation%20Report%20-%20Sudan%20-%2029%20May%202020.pdf
05/31/2020,05/28/2020,Northern,15,https://reliefweb.int/sites/reliefweb.int/files/resources/Situation%20Report%20-%20Sudan%20-%2029%20May%202020.pdf
05/31/2020,05/28/2020,Red Sea,10,https://reliefweb.int/sites/reliefweb.int/files/resources/Situation%20Report%20-%20Sudan%20-%2029%20May%202020.pdf
05/31/2020,05/28/2020,River Nile,17,https://reliefweb.int/sites/reliefweb.int/files/resources/Situation%20Report%20-%20Sudan%20-%2029%20May%202020.pdf
05/31/2020,05/28/2020,Sennar,108,https://reliefweb.int/sites/reliefweb.int/files/resources/Situation%20Report%20-%20Sudan%20-%2029%20May%202020.pdf
05/31/2020,05/28/2020,South Darfur,35,https://reliefweb.int/sites/reliefweb.int/files/resources/Situation%20Report%20-%20Sudan%20-%2029%20May%202020.pdf
05/31/2020,05/28/2020,South Kordofan,6,https://reliefweb.int/sites/reliefweb.int/files/resources/Situation%20Report%20-%20Sudan%20-%2029%20May%202020.pdf
05/31/2020,05/28/2020,West Darfur,24,https://reliefweb.int/sites/reliefweb.int/files/resources/Situation%20Report%20-%20Sudan%20-%2029%20May%202020.pdf
05/31/2020,05/28/2020,West Kordofan,11,https://reliefweb.int/sites/reliefweb.int/files/resources/Situation%20Report%20-%20Sudan%20-%2029%20May%202020.pdf
05/31/2020,05/28/2020,White Nile,43,https://reliefweb.int/sites/reliefweb.int/files/resources/Situation%20Report%20-%20Sudan%20-%2029%20May%202020.pdf
05/21/2020,05/20/2020,Abyei PCA,,https://reliefweb.int/sites/reliefweb.int/files/resources/Situation%20Report%20-%20Sudan%20-%2021%20May%202020.pdf
05/21/2020,05/20/2020,Al Jazirah,170,https://reliefweb.int/sites/reliefweb.int/files/resources/Situation%20Report%20-%20Sudan%20-%2021%20May%202020.pdf
05/21/2020,05/20/2020,Blue Nile,4,https://reliefweb.int/sites/reliefweb.int/files/resources/Situation%20Report%20-%20Sudan%20-%2021%20May%202020.pdf
05/21/2020,05/20/2020,Central Darfur,2,https://reliefweb.int/sites/reliefweb.int/files/resources/Situation%20Report%20-%20Sudan%20-%2021%20May%202020.pdf
05/21/2020,05/20/2020,East Darfur,9,https://reliefweb.int/sites/reliefweb.int/files/resources/Situation%20Report%20-%20Sudan%20-%2021%20May%202020.pdf
05/21/2020,05/20/2020,Gedaref,94,https://reliefweb.int/sites/reliefweb.int/files/resources/Situation%20Report%20-%20Sudan%20-%2021%20May%202020.pdf
05/21/2020,05/20/2020,Kassala,33,https://reliefweb.int/sites/reliefweb.int/files/resources/Situation%20Report%20-%20Sudan%20-%2021%20May%202020.pdf
05/21/2020,05/20/2020,Khartoum,"2,553",https://reliefweb.int/sites/reliefweb.int/files/resources/Situation%20Report%20-%20Sudan%20-%2021%20May%202020.pdf
05/21/2020,05/20/2020,North Darfur,16,https://reliefweb.int/sites/reliefweb.int/files/resources/Situation%20Report%20-%20Sudan%20-%2021%20May%202020.pdf
05/21/2020,05/20/2020,North Kordofan,95,https://reliefweb.int/sites/reliefweb.int/files/resources/Situation%20Report%20-%20Sudan%20-%2021%20May%202020.pdf
05/21/2020,05/20/2020,Northern,13,https://reliefweb.int/sites/reliefweb.int/files/resources/Situation%20Report%20-%20Sudan%20-%2021%20May%202020.pdf
05/21/2020,05/20/2020,Red Sea,8,https://reliefweb.int/sites/reliefweb.int/files/resources/Situation%20Report%20-%20Sudan%20-%2021%20May%202020.pdf
05/21/2020,05/20/2020,River Nile,16,https://reliefweb.int/sites/reliefweb.int/files/resources/Situation%20Report%20-%20Sudan%20-%2021%20May%202020.pdf
05/21/2020,05/20/2020,Sennar,67,https://reliefweb.int/sites/reliefweb.int/files/resources/Situation%20Report%20-%20Sudan%20-%2021%20May%202020.pdf
05/21/2020,05/20/2020,South Darfur,25,https://reliefweb.int/sites/reliefweb.int/files/resources/Situation%20Report%20-%20Sudan%20-%2021%20May%202020.pdf
05/21/2020,05/20/2020,South Kordofan,3,https://reliefweb.int/sites/reliefweb.int/files/resources/Situation%20Report%20-%20Sudan%20-%2021%20May%202020.pdf
05/21/2020,05/20/2020,West Darfur,14,https://reliefweb.int/sites/reliefweb.int/files/resources/Situation%20Report%20-%20Sudan%20-%2021%20May%202020.pdf
05/21/2020,05/20/2020,West Kordofan,6,https://reliefweb.int/sites/reliefweb.int/files/resources/Situation%20Report%20-%20Sudan%20-%2021%20May%202020.pdf
05/21/2020,05/20/2020,White Nile,10,https://reliefweb.int/sites/reliefweb.int/files/resources/Situation%20Report%20-%20Sudan%20-%2021%20May%202020.pdf
05/14/2020,05/13/2020,Abyei PCA,,https://reliefweb.int/sites/reliefweb.int/files/resources/Situation%20Report%20-%20Sudan%20-%2014%20May%202020.pdf
05/14/2020,05/13/2020,Al Jazirah,107,https://reliefweb.int/sites/reliefweb.int/files/resources/Situation%20Report%20-%20Sudan%20-%2014%20May%202020.pdf
05/14/2020,05/13/2020,Blue Nile,1,https://reliefweb.int/sites/reliefweb.int/files/resources/Situation%20Report%20-%20Sudan%20-%2014%20May%202020.pdf
05/14/2020,05/13/2020,Central Darfur,2,https://reliefweb.int/sites/reliefweb.int/files/resources/Situation%20Report%20-%20Sudan%20-%2014%20May%202020.pdf
05/14/2020,05/13/2020,East Darfur,2,https://reliefweb.int/sites/reliefweb.int/files/resources/Situation%20Report%20-%20Sudan%20-%2014%20May%202020.pdf
05/14/2020,05/13/2020,Gedaref,54,https://reliefweb.int/sites/reliefweb.int/files/resources/Situation%20Report%20-%20Sudan%20-%2014%20May%202020.pdf
05/14/2020,05/13/2020,Kassala,6,https://reliefweb.int/sites/reliefweb.int/files/resources/Situation%20Report%20-%20Sudan%20-%2014%20May%202020.pdf
05/14/2020,05/13/2020,Khartoum,"1,474",https://reliefweb.int/sites/reliefweb.int/files/resources/Situation%20Report%20-%20Sudan%20-%2014%20May%202020.pdf
05/14/2020,05/13/2020,North Darfur,5,https://reliefweb.int/sites/reliefweb.int/files/resources/Situation%20Report%20-%20Sudan%20-%2014%20May%202020.pdf
05/14/2020,05/13/2020,North Kordofan,67,https://reliefweb.int/sites/reliefweb.int/files/resources/Situation%20Report%20-%20Sudan%20-%2014%20May%202020.pdf
05/14/2020,05/13/2020,Northern,7,https://reliefweb.int/sites/reliefweb.int/files/resources/Situation%20Report%20-%20Sudan%20-%2014%20May%202020.pdf
05/14/2020,05/13/2020,Red Sea,3,https://reliefweb.int/sites/reliefweb.int/files/resources/Situation%20Report%20-%20Sudan%20-%2014%20May%202020.pdf
05/14/2020,05/13/2020,River Nile,8,https://reliefweb.int/sites/reliefweb.int/files/resources/Situation%20Report%20-%20Sudan%20-%2014%20May%202020.pdf
05/14/2020,05/13/2020,Sennar,49,https://reliefweb.int/sites/reliefweb.int/files/resources/Situation%20Report%20-%20Sudan%20-%2014%20May%202020.pdf
05/14/2020,05/13/2020,South Darfur,19,https://reliefweb.int/sites/reliefweb.int/files/resources/Situation%20Report%20-%20Sudan%20-%2014%20May%202020.pdf
05/14/2020,05/13/2020,South Kordofan,1,https://reliefweb.int/sites/reliefweb.int/files/resources/Situation%20Report%20-%20Sudan%20-%2014%20May%202020.pdf
05/14/2020,05/13/2020,West Darfur,4,https://reliefweb.int/sites/reliefweb.int/files/resources/Situation%20Report%20-%20Sudan%20-%2014%20May%202020.pdf
05/14/2020,05/13/2020,West Kordofan,5,https://reliefweb.int/sites/reliefweb.int/files/resources/Situation%20Report%20-%20Sudan%20-%2014%20May%202020.pdf
05/14/2020,05/13/2020,White Nile,4,https://reliefweb.int/sites/reliefweb.int/files/resources/Situation%20Report%20-%20Sudan%20-%2014%20May%202020.pdf
07/05/2020,05/10/2020,Abyei PCA,,https://reliefweb.int/sites/reliefweb.int/files/resources/Situation%20Report%20-%20Sudan%20-%207%20May%202020.pdf
07/05/2020,05/10/2020,Al Jazirah,55,https://reliefweb.int/sites/reliefweb.int/files/resources/Situation%20Report%20-%20Sudan%20-%207%20May%202020.pdf
07/05/2020,05/10/2020,Blue Nile,1,https://reliefweb.int/sites/reliefweb.int/files/resources/Situation%20Report%20-%20Sudan%20-%207%20May%202020.pdf
07/05/2020,05/10/2020,Central Darfur,1,https://reliefweb.int/sites/reliefweb.int/files/resources/Situation%20Report%20-%20Sudan%20-%207%20May%202020.pdf
07/05/2020,05/10/2020,East Darfur,2,https://reliefweb.int/sites/reliefweb.int/files/resources/Situation%20Report%20-%20Sudan%20-%207%20May%202020.pdf
07/05/2020,05/10/2020,Gedaref,32,https://reliefweb.int/sites/reliefweb.int/files/resources/Situation%20Report%20-%20Sudan%20-%207%20May%202020.pdf
07/05/2020,05/10/2020,Kassala,1,https://reliefweb.int/sites/reliefweb.int/files/resources/Situation%20Report%20-%20Sudan%20-%207%20May%202020.pdf
07/05/2020,05/10/2020,Khartoum,"1,149",https://reliefweb.int/sites/reliefweb.int/files/resources/Situation%20Report%20-%20Sudan%20-%207%20May%202020.pdf
07/05/2020,05/10/2020,North Darfur,5,https://reliefweb.int/sites/reliefweb.int/files/resources/Situation%20Report%20-%20Sudan%20-%207%20May%202020.pdf
07/05/2020,05/10/2020,North Kordofan,42,https://reliefweb.int/sites/reliefweb.int/files/resources/Situation%20Report%20-%20Sudan%20-%207%20May%202020.pdf
07/05/2020,05/10/2020,Northern,7,https://reliefweb.int/sites/reliefweb.int/files/resources/Situation%20Report%20-%20Sudan%20-%207%20May%202020.pdf
07/05/2020,05/10/2020,Red Sea,1,https://reliefweb.int/sites/reliefweb.int/files/resources/Situation%20Report%20-%20Sudan%20-%207%20May%202020.pdf
07/05/2020,05/10/2020,River Nile,8,https://reliefweb.int/sites/reliefweb.int/files/resources/Situation%20Report%20-%20Sudan%20-%207%20May%202020.pdf
07/05/2020,05/10/2020,Sennar,35,https://reliefweb.int/sites/reliefweb.int/files/resources/Situation%20Report%20-%20Sudan%20-%207%20May%202020.pdf
07/05/2020,05/10/2020,South Darfur,16,https://reliefweb.int/sites/reliefweb.int/files/resources/Situation%20Report%20-%20Sudan%20-%207%20May%202020.pdf
07/05/2020,05/10/2020,South Kordofan,1,https://reliefweb.int/sites/reliefweb.int/files/resources/Situation%20Report%20-%20Sudan%20-%207%20May%202020.pdf
07/05/2020,05/10/2020,West Darfur,2,https://reliefweb.int/sites/reliefweb.int/files/resources/Situation%20Report%20-%20Sudan%20-%207%20May%202020.pdf
07/05/2020,05/10/2020,West Kordofan,5,https://reliefweb.int/sites/reliefweb.int/files/resources/Situation%20Report%20-%20Sudan%20-%207%20May%202020.pdf
07/05/2020,05/10/2020,White Nile,2,https://reliefweb.int/sites/reliefweb.int/files/resources/Situation%20Report%20-%20Sudan%20-%207%20May%202020.pdf
04/30/2020,04/29/2020,Abyei PCA,,https://reliefweb.int/sites/reliefweb.int/files/resources/Situation%20Report%20-%20Sudan%20-%2030%20Apr%202020.pdf
04/30/2020,04/29/2020,Al Jazirah,19,https://reliefweb.int/sites/reliefweb.int/files/resources/Situation%20Report%20-%20Sudan%20-%2030%20Apr%202020.pdf
04/30/2020,04/29/2020,Blue Nile,,https://reliefweb.int/sites/reliefweb.int/files/resources/Situation%20Report%20-%20Sudan%20-%2030%20Apr%202020.pdf
04/30/2020,04/29/2020,Central Darfur,1,https://reliefweb.int/sites/reliefweb.int/files/resources/Situation%20Report%20-%20Sudan%20-%2030%20Apr%202020.pdf
04/30/2020,04/29/2020,East Darfur,1,https://reliefweb.int/sites/reliefweb.int/files/resources/Situation%20Report%20-%20Sudan%20-%2030%20Apr%202020.pdf
04/30/2020,04/29/2020,Gedaref,3,https://reliefweb.int/sites/reliefweb.int/files/resources/Situation%20Report%20-%20Sudan%20-%2030%20Apr%202020.pdf
04/30/2020,04/29/2020,Kassala,,https://reliefweb.int/sites/reliefweb.int/files/resources/Situation%20Report%20-%20Sudan%20-%2030%20Apr%202020.pdf
04/30/2020,04/29/2020,Khartoum,344,https://reliefweb.int/sites/reliefweb.int/files/resources/Situation%20Report%20-%20Sudan%20-%2030%20Apr%202020.pdf
04/30/2020,04/29/2020,North Darfur,,https://reliefweb.int/sites/reliefweb.int/files/resources/Situation%20Report%20-%20Sudan%20-%2030%20Apr%202020.pdf
04/30/2020,04/29/2020,North Kordofan,,https://reliefweb.int/sites/reliefweb.int/files/resources/Situation%20Report%20-%20Sudan%20-%2030%20Apr%202020.pdf
04/30/2020,04/29/2020,Northern,,https://reliefweb.int/sites/reliefweb.int/files/resources/Situation%20Report%20-%20Sudan%20-%2030%20Apr%202020.pdf
04/30/2020,04/29/2020,Red Sea,1,https://reliefweb.int/sites/reliefweb.int/files/resources/Situation%20Report%20-%20Sudan%20-%2030%20Apr%202020.pdf
04/30/2020,04/29/2020,River Nile,3,https://reliefweb.int/sites/reliefweb.int/files/resources/Situation%20Report%20-%20Sudan%20-%2030%20Apr%202020.pdf
04/30/2020,04/29/2020,Sennar,1,https://reliefweb.int/sites/reliefweb.int/files/resources/Situation%20Report%20-%20Sudan%20-%2030%20Apr%202020.pdf
04/30/2020,04/29/2020,South Darfur,,https://reliefweb.int/sites/reliefweb.int/files/resources/Situation%20Report%20-%20Sudan%20-%2030%20Apr%202020.pdf
04/30/2020,04/29/2020,South Kordofan,,https://reliefweb.int/sites/reliefweb.int/files/resources/Situation%20Report%20-%20Sudan%20-%2030%20Apr%202020.pdf
04/30/2020,04/29/2020,West Darfur,,https://reliefweb.int/sites/reliefweb.int/files/resources/Situation%20Report%20-%20Sudan%20-%2030%20Apr%202020.pdf
04/30/2020,04/29/2020,West Kordofan,1,https://reliefweb.int/sites/reliefweb.int/files/resources/Situation%20Report%20-%20Sudan%20-%2030%20Apr%202020.pdf
04/30/2020,04/29/2020,White Nile,1,https://reliefweb.int/sites/reliefweb.int/files/resources/Situation%20Report%20-%20Sudan%20-%2030%20Apr%202020.pdf